"id","name","website","canonical_domain","status","inclusion_hint","discovery_sources","source_contexts","first_seen","last_seen","notes"
"cand-acsresearch-org","Alignment of Complex Systems Research Group (ACS)","https://acsresearch.org/","acsresearch.org","new","borderline","discovery-aisafety-map","Conceptual research","2026-09-15","2026-09-15","Automatically discovered external-site lead; verify scope, legal identity, status, and primary sources before promotion."
"cand-adalovelaceinstitute-org","Adalovelaceinstitute","https://www.adalovelaceinstitute.org/","adalovelaceinstitute.org","new","borderline","discovery-failure-first","","2026-09-15","2026-09-15","Automatically discovered external-site lead; verify scope, legal identity, status, and primary sources before promotion."
"cand-ae-studio","AE Studio","https://www.ae.studio/","ae.studio","new","borderline","discovery-aisafety-map","Conceptual research, Empirical research, Governance","2026-09-15","2026-09-15","Automatically discovered external-site lead; verify scope, legal identity, status, and primary sources before promotion."
"cand-aether-ai-research-org","Aether","https://aether-ai-research.org/","aether-ai-research.org","new","borderline","discovery-aisafety-map","Empirical research","2026-09-15","2026-09-15","Automatically discovered external-site lead; verify scope, legal identity, status, and primary sources before promotion."
"cand-affi-ne","AFFINE Network","https://www.affi.ne/","affi.ne","new","borderline","discovery-aisafety-map","Training and education","2026-09-15","2026-09-15","Automatically discovered external-site lead; verify scope, legal identity, status, and primary sources before promotion."
"cand-ai-evaluation-org","Ai Evaluation","https://ai-evaluation.org/","ai-evaluation.org","new","borderline","discovery-failure-first","","2026-09-15","2026-09-15","Automatically discovered external-site lead; verify scope, legal identity, status, and primary sources before promotion."
"cand-ai-objectives-institute","AI Objectives Institute (AOI)","https://ai.objectives.institute/","ai.objectives.institute","new","borderline","discovery-aisafety-map","Empirical research, Capabilities research","2026-09-15","2026-09-15","Automatically discovered external-site lead; verify scope, legal identity, status, and primary sources before promotion."
"cand-ai-plans-com","AI Plans","https://ai-plans.com/","ai-plans.com","new","borderline","discovery-aisafety-map","Strategy","2026-09-15","2026-09-15","Automatically discovered external-site lead; verify scope, legal identity, status, and primary sources before promotion."
"cand-ai2050-schmidtsciences-org","AI2050","https://ai2050.schmidtsciences.org/","ai2050.schmidtsciences.org","new","borderline","discovery-aisafety-map","Funding","2026-09-15","2026-09-15","Automatically discovered external-site lead; verify scope, legal identity, status, and primary sources before promotion."
"cand-aialignment-mit-edu","Aialignment","https://aialignment.mit.edu/","aialignment.mit.edu","new","borderline","discovery-failure-first","","2026-09-15","2026-09-15","Automatically discovered external-site lead; verify scope, legal identity, status, and primary sources before promotion."
"cand-aialignmentfoundation-org","AI Alignment Foundation (AIAF)","https://www.aialignmentfoundation.org/","aialignmentfoundation.org","new","borderline","discovery-aisafety-map","Funding, Research support","2026-09-15","2026-09-15","Automatically discovered external-site lead; verify scope, legal identity, status, and primary sources before promotion."
"cand-aifutures-org","AI Futures Project (AIFP)","https://www.aifutures.org/","aifutures.org","new","borderline","discovery-aisafety-map","Forecasting","2026-09-15","2026-09-15","Automatically discovered external-site lead; verify scope, legal identity, status, and primary sources before promotion."
"cand-aifuturesproject-org","Aifuturesproject","https://aifuturesproject.org/","aifuturesproject.org","new","borderline","discovery-failure-first","","2026-09-15","2026-09-15","Automatically discovered external-site lead; verify scope, legal identity, status, and primary sources before promotion."
"cand-aigi-ox-ac-uk","Oxford Martin AI Governance Initiative (AIGI)","https://aigi.ox.ac.uk/","aigi.ox.ac.uk","new","borderline","discovery-ai-safety-guide|discovery-aisafety-map","Governance","2026-09-15","2026-09-15","Automatically discovered external-site lead; verify scope, legal identity, status, and primary sources before promotion."
"cand-aigs-ca","AI Governance & Safety Canada (AIGS Canada)","https://aigs.ca/","aigs.ca","new","borderline","discovery-aisafety-map|discovery-failure-first","Governance","2026-09-15","2026-09-15","Automatically discovered external-site lead; verify scope, legal identity, status, and primary sources before promotion."
"cand-aigsi-org","AI Governance and Safety Institute (AIGSI)","https://aigsi.org/","aigsi.org","new","borderline","discovery-aisafety-map","Strategy, Advocacy","2026-09-15","2026-09-15","Automatically discovered external-site lead; verify scope, legal identity, status, and primary sources before promotion."
"cand-aiimpacts-org","AI Impacts","https://aiimpacts.org/","aiimpacts.org","new","borderline","discovery-aisafety-map","Strategy, Forecasting","2026-09-15","2026-09-15","Automatically discovered external-site lead; verify scope, legal identity, status, and primary sources before promotion."
"cand-aipolicyinstitute-org","Aipolicyinstitute","https://aipolicyinstitute.org/","aipolicyinstitute.org","new","borderline","discovery-failure-first","","2026-09-15","2026-09-15","Automatically discovered external-site lead; verify scope, legal identity, status, and primary sources before promotion."
"cand-airiskdeployer-org","Deployer AI Risk Register","https://www.airiskdeployer.org/","airiskdeployer.org","new","likely-core","discovery-mindxo-atlas","","2026-09-15","2026-09-15","Automatically discovered external-site lead; verify scope, legal identity, status, and primary sources before promotion."
"cand-airiskfund-com","AI Risk Mitigation (ARM) Fund","https://www.airiskfund.com/","airiskfund.com","new","borderline","discovery-aisafety-map","Funding","2026-09-15","2026-09-15","Automatically discovered external-site lead; verify scope, legal identity, status, and primary sources before promotion."
"cand-aisafety-camp","AI Safety Camp (AISC)","https://aisafety.camp/","aisafety.camp","new","borderline","discovery-aisafety-map|discovery-failure-first","Training and education","2026-09-15","2026-09-15","Automatically discovered external-site lead; verify scope, legal identity, status, and primary sources before promotion."
"cand-aisafety-com","Aisafety","https://www.aisafety.com/","aisafety.com","new","borderline","discovery-failure-first","","2026-09-15","2026-09-15","Automatically discovered external-site lead; verify scope, legal identity, status, and primary sources before promotion."
"cand-aisafety-sg","Singapore AI Safety Hub (SASH)","https://www.aisafety.sg/","aisafety.sg","new","borderline","discovery-aisafety-map","Research support, Training and education","2026-09-15","2026-09-15","Automatically discovered external-site lead; verify scope, legal identity, status, and primary sources before promotion."
"cand-aisafety-training","Aisafety","https://aisafety.training/","aisafety.training","new","borderline","discovery-failure-first","","2026-09-15","2026-09-15","Automatically discovered external-site lead; verify scope, legal identity, status, and primary sources before promotion."
"cand-aisafetyawarenessproject-org","AI Safety Awareness Project (AISAP)","https://aisafetyawarenessproject.org/","aisafetyawarenessproject.org","new","borderline","discovery-aisafety-map","Advocacy","2026-09-15","2026-09-15","Automatically discovered external-site lead; verify scope, legal identity, status, and primary sources before promotion."
"cand-aisb-dev","AI Security Bootcamp (AISB)","https://aisb.dev/","aisb.dev","new","borderline","discovery-aisafety-map","Training and education","2026-09-15","2026-09-15","Automatically discovered external-site lead; verify scope, legal identity, status, and primary sources before promotion."
"cand-aisfoundation-ai","AI Safety Foundation","https://www.aisfoundation.ai/","aisfoundation.ai","new","borderline","discovery-aisafety-map","Advocacy, Research support","2026-09-15","2026-09-15","Automatically discovered external-site lead; verify scope, legal identity, status, and primary sources before promotion."
"cand-aisi-go-jp","Japan AI Safety Institute (J-AISI)","https://aisi.go.jp/index.html","aisi.go.jp","new","likely-context","discovery-naaimes-members","Government evaluation and measurement institute","2026-09-15","2026-09-15","Confirmed as an active institute on its official website; legal parentage and all graph claims still require canonical review."
"cand-aisi-gov-uk","UK AI Security Institute (UK AISI)","https://www.aisi.gov.uk/","aisi.gov.uk","new","borderline","discovery-ai-safety-guide|discovery-aisafety-map|discovery-failure-first|discovery-maisi|discovery-naaimes-members","Governance","2026-09-15","2026-09-15","Automatically discovered external-site lead; verify scope, legal identity, status, and primary sources before promotion."
"cand-aisi-re-kr","Korea AI Safety Institute","https://www.aisi.re.kr/","aisi.re.kr","new","likely-context","discovery-naaimes-members","Government evaluation and measurement institute","2026-09-15","2026-09-15","Confirmed by the Korean Ministry of Science and ICT launch record; its own website and all graph claims still require canonical review."
"cand-aistandardslab-org","AI Standards Lab","https://www.aistandardslab.org/","aistandardslab.org","new","borderline","discovery-aisafety-map","Governance","2026-09-15","2026-09-15","Automatically discovered external-site lead; verify scope, legal identity, status, and primary sources before promotion."
"cand-aiwi-org","The AI Whistleblower Initiative (AIWI)","https://aiwi.org/","aiwi.org","new","borderline","discovery-aisafety-map","Governance","2026-09-15","2026-09-15","Automatically discovered external-site lead; verify scope, legal identity, status, and primary sources before promotion."
"cand-aixi-uk","AIXI Labs","https://www.aixi.uk/","aixi.uk","new","borderline","discovery-aisafety-map","Conceptual research","2026-09-15","2026-09-15","Automatically discovered external-site lead; verify scope, legal identity, status, and primary sources before promotion."
"cand-ajl-org","Ajl","https://www.ajl.org/","ajl.org","new","borderline","discovery-failure-first","","2026-09-15","2026-09-15","Automatically discovered external-site lead; verify scope, legal identity, status, and primary sources before promotion."
"cand-algorithmicalignment-csail-mit-edu","MIT Algorithmic Alignment Group","https://algorithmicalignment.csail.mit.edu/","algorithmicalignment.csail.mit.edu","new","borderline","discovery-aisafety-map","Conceptual research, Empirical research, Governance","2026-09-15","2026-09-15","Automatically discovered external-site lead; verify scope, legal identity, status, and primary sources before promotion."
"cand-algoverseairesearch-org","Algoverse AI Safety","https://algoverseairesearch.org/","algoverseairesearch.org","new","borderline","discovery-aisafety-map","Training and education","2026-09-15","2026-09-15","Automatically discovered external-site lead; verify scope, legal identity, status, and primary sources before promotion."
"cand-alignment-dev","Alignment Ecosystem Development (AED)","https://alignment.dev/","alignment.dev","new","borderline","discovery-aisafety-map","Research support","2026-09-15","2026-09-15","Automatically discovered external-site lead; verify scope, legal identity, status, and primary sources before promotion."
"cand-alignment-org","Alignment Research Center (ARC)","https://www.alignment.org/","alignment.org","new","borderline","discovery-aisafety-map|discovery-maisi","Conceptual research","2026-09-15","2026-09-15","Automatically discovered external-site lead; verify scope, legal identity, status, and primary sources before promotion."
"cand-alltechishuman-org","Alltechishuman","https://alltechishuman.org/","alltechishuman.org","new","borderline","discovery-failure-first","","2026-09-15","2026-09-15","Automatically discovered external-site lead; verify scope, legal identity, status, and primary sources before promotion."
"cand-alter-org-il","Association for Long Term Existence and Resilience (ALTER)","https://alter.org.il/","alter.org.il","new","borderline","discovery-aisafety-map","Conceptual research, Governance","2026-09-15","2026-09-15","Automatically discovered external-site lead; verify scope, legal identity, status, and primary sources before promotion."
"cand-amnesty-org","Amnesty","https://www.amnesty.org/","amnesty.org","new","borderline","discovery-failure-first","","2026-09-15","2026-09-15","Automatically discovered external-site lead; verify scope, legal identity, status, and primary sources before promotion."
"cand-apartresearch-com","Apart Fellowship","https://apartresearch.com/","apartresearch.com","new","borderline","discovery-ai-safety-guide|discovery-aisafety-map","Training and education","2026-09-15","2026-09-15","Automatically discovered external-site lead; verify scope, legal identity, status, and primary sources before promotion."
"cand-arbital-greaterwrong-com","Arbital","https://arbital.greaterwrong.com/","arbital.greaterwrong.com","new","borderline","discovery-aisafety-map","Conceptual research","2026-09-15","2026-09-15","Automatically discovered external-site lead; verify scope, legal identity, status, and primary sources before promotion."
"cand-arcadiaimpact-org","AI Governance Taskforce","https://www.arcadiaimpact.org/","arcadiaimpact.org","new","borderline","discovery-aisafety-map","Training and education","2026-09-15","2026-09-15","Automatically discovered external-site lead; verify scope, legal identity, status, and primary sources before promotion."
"cand-arena-education","Alignment Research Engineer Accelerator (ARENA)","https://www.arena.education/","arena.education","new","borderline","discovery-aisafety-map","Training and education","2026-09-15","2026-09-15","Automatically discovered external-site lead; verify scope, legal identity, status, and primary sources before promotion."
"cand-ari-us","Americans for Responsible Innovation (ARI)","https://ari.us/","ari.us","new","borderline","discovery-aisafety-map","Governance","2026-09-15","2026-09-15","Automatically discovered external-site lead; verify scope, legal identity, status, and primary sources before promotion."
"cand-aria-org-uk","Advanced Research + Invention Agency (ARIA)","https://www.aria.org.uk/","aria.org.uk","new","borderline","discovery-ai-safety-guide|discovery-aisafety-map","Funding","2026-09-15","2026-09-15","Automatically discovered external-site lead; verify scope, legal identity, status, and primary sources before promotion."
"cand-arva-org","Arva","https://arva.org/","arva.org","new","borderline","discovery-failure-first","","2026-09-15","2026-09-15","Automatically discovered external-site lead; verify scope, legal identity, status, and primary sources before promotion."
"cand-ashgro-org","Ashgro","https://www.ashgro.org/","ashgro.org","new","borderline","discovery-aisafety-map","Research support","2026-09-15","2026-09-15","Automatically discovered external-site lead; verify scope, legal identity, status, and primary sources before promotion."
"cand-astera-org","Astera Neuro-AI","https://astera.org/","astera.org","new","borderline","discovery-aisafety-map","Capabilities research, Conceptual research","2026-09-15","2026-09-15","Automatically discovered external-site lead; verify scope, legal identity, status, and primary sources before promotion."
"cand-astralisfoundation-org","Astralis Foundation","https://astralisfoundation.org/","astralisfoundation.org","new","borderline","discovery-aisafety-map","Funding","2026-09-15","2026-09-15","Automatically discovered external-site lead; verify scope, legal identity, status, and primary sources before promotion."
"cand-atlas-mitre-org","MITRE ATLAS","https://atlas.mitre.org/","atlas.mitre.org","new","borderline","discovery-ai-safety-guide","","2026-09-15","2026-09-15","Automatically discovered external-site lead; verify scope, legal identity, status, and primary sources before promotion."
"cand-atlascomputing-org","Atlas Computing","https://atlascomputing.org/","atlascomputing.org","new","borderline","discovery-aisafety-map","Research support","2026-09-15","2026-09-15","Automatically discovered external-site lead; verify scope, legal identity, status, and primary sources before promotion."
"cand-averi-org","AI Verification and Evaluation Research Institute","https://www.averi.org/","averi.org","new","likely-core","discovery-aef-members|discovery-aisafety-map","Governance, Empirical research","2026-09-15","2026-09-15","Automatically discovered external-site lead; verify scope, legal identity, status, and primary sources before promotion."
"cand-baseresearch-org","BASE Fellowship","https://www.baseresearch.org/","baseresearch.org","new","borderline","discovery-aisafety-map","Training and education","2026-09-15","2026-09-15","Automatically discovered external-site lead; verify scope, legal identity, status, and primary sources before promotion."
"cand-beijing-ai-safety-and-governance-institute","Beijing Institute of AI Safety and Governance (Beijing-AISI)","https://beijing.ai-safety-and-governance.institute/","beijing.ai-safety-and-governance.institute","new","borderline","discovery-aisafety-map","Governance, Empirical research","2026-09-15","2026-09-15","Automatically discovered external-site lead; verify scope, legal identity, status, and primary sources before promotion."
"cand-beneficialaifoundation-org","Beneficial AI Foundation (BAIF)","https://www.beneficialaifoundation.org/","beneficialaifoundation.org","new","borderline","discovery-aisafety-map","Empirical research","2026-09-15","2026-09-15","Automatically discovered external-site lead; verify scope, legal identity, status, and primary sources before promotion."
"cand-bluedot-org","BlueDot Impact","https://bluedot.org/","bluedot.org","new","borderline","discovery-ai-safety-guide|discovery-aisafety-map|discovery-failure-first","Training and education","2026-09-15","2026-09-15","Automatically discovered external-site lead; verify scope, legal identity, status, and primary sources before promotion."
"cand-brookings-edu","Brookings","https://www.brookings.edu/","brookings.edu","new","borderline","discovery-ai-safety-guide|discovery-failure-first","","2026-09-15","2026-09-15","Automatically discovered external-site lead; verify scope, legal identity, status, and primary sources before promotion."
"cand-buildaligned-ai","Aligned AI","https://buildaligned.ai/","buildaligned.ai","new","borderline","discovery-aisafety-map","Empirical research","2026-09-15","2026-09-15","Automatically discovered external-site lead; verify scope, legal identity, status, and primary sources before promotion."
"cand-cadenzalabs-org","Cadenza Labs","https://cadenzalabs.org/","cadenzalabs.org","new","borderline","discovery-aisafety-map","Empirical research","2026-09-15","2026-09-15","Automatically discovered external-site lead; verify scope, legal identity, status, and primary sources before promotion."
"cand-caish-org","Mentorship for Alignment Research Students (MARS)","https://caish.org/","caish.org","new","borderline","discovery-aisafety-map","Training and education","2026-09-15","2026-09-15","Automatically discovered external-site lead; verify scope, legal identity, status, and primary sources before promotion."
"cand-camlin-co","Camlin","https://camlin.co/","camlin.co","new","borderline","discovery-aisafety-map","Research support","2026-09-15","2026-09-15","Automatically discovered external-site lead; verify scope, legal identity, status, and primary sources before promotion."
"cand-carma-org","Center for AI Risk Management & Alignment (CARMA)","https://carma.org/","carma.org","new","borderline","discovery-aisafety-map","Strategy","2026-09-15","2026-09-15","Automatically discovered external-site lead; verify scope, legal identity, status, and primary sources before promotion."
"cand-carnegieendowment-org","Carnegieendowment","https://carnegieendowment.org/","carnegieendowment.org","new","borderline","discovery-ai-safety-guide|discovery-failure-first","","2026-09-15","2026-09-15","Automatically discovered external-site lead; verify scope, legal identity, status, and primary sources before promotion."
"cand-casp-ac","Cambridge Programme on AI Science & Policy (CASP)","https://casp.ac/","casp.ac","new","borderline","discovery-aisafety-map","Empirical research, Governance","2026-09-15","2026-09-15","Automatically discovered external-site lead; verify scope, legal identity, status, and primary sources before promotion."
"cand-catalyze-impact-org","Catalyze Impact","https://catalyze-impact.org/","catalyze-impact.org","new","borderline","discovery-aisafety-map","Research support","2026-09-15","2026-09-15","Automatically discovered external-site lead; verify scope, legal identity, status, and primary sources before promotion."
"cand-cavendishlabs-org","Cavendish Labs","https://cavendishlabs.org/","cavendishlabs.org","new","borderline","discovery-aisafety-map","Empirical research","2026-09-15","2026-09-15","Automatically discovered external-site lead; verify scope, legal identity, status, and primary sources before promotion."
"cand-cbai-ai","Cambridge Boston Alignment Initiative (CBAI)","https://www.cbai.ai/","cbai.ai","new","borderline","discovery-aisafety-map","Training and education","2026-09-15","2026-09-15","Automatically discovered external-site lead; verify scope, legal identity, status, and primary sources before promotion."
"cand-cbl-eng-cam-ac-uk","Computational and Biological Learning Lab (CBL)","https://cbl.eng.cam.ac.uk/","cbl.eng.cam.ac.uk","new","borderline","discovery-aisafety-map","Empirical research","2026-09-15","2026-09-15","Automatically discovered external-site lead; verify scope, legal identity, status, and primary sources before promotion."
"cand-cdt-org","Cdt","https://cdt.org/","cdt.org","new","borderline","discovery-failure-first","","2026-09-15","2026-09-15","Automatically discovered external-site lead; verify scope, legal identity, status, and primary sources before promotion."
"cand-ceealar-org","Centre for Enabling EA Learning & Research (CEEALAR aka EA Hotel)","https://www.ceealar.org/","ceealar.org","new","borderline","discovery-aisafety-map","Research support","2026-09-15","2026-09-15","Automatically discovered external-site lead; verify scope, legal identity, status, and primary sources before promotion."
"cand-centerforhealthsecurity-org","Centerforhealthsecurity","https://www.centerforhealthsecurity.org/","centerforhealthsecurity.org","new","borderline","discovery-failure-first","","2026-09-15","2026-09-15","Automatically discovered external-site lead; verify scope, legal identity, status, and primary sources before promotion."
"cand-cesia-org","Centre pour la Sécurité de l'IA (CeSIA)","https://www.cesia.org/","cesia.org","new","borderline","discovery-aisafety-map","Governance, Strategy, Advocacy","2026-09-15","2026-09-15","Automatically discovered external-site lead; verify scope, legal identity, status, and primary sources before promotion."
"cand-cfg-eu","Centre for Future Generations (CFG)","https://cfg.eu/","cfg.eu","new","borderline","discovery-aisafety-map","Governance","2026-09-15","2026-09-15","Automatically discovered external-site lead; verify scope, legal identity, status, and primary sources before promotion."
"cand-cifar-ca","Cifar","https://cifar.ca/","cifar.ca","new","borderline","discovery-failure-first","","2026-09-15","2026-09-15","Automatically discovered external-site lead; verify scope, legal identity, status, and primary sources before promotion."
"cand-cigionline-org","Cigionline","https://www.cigionline.org/research","cigionline.org","new","borderline","discovery-failure-first","","2026-09-15","2026-09-15","Automatically discovered external-site lead; verify scope, legal identity, status, and primary sources before promotion."
"cand-cip-org","Collective Intelligence Project","https://www.cip.org/","cip.org","new","likely-core","discovery-aef-members","","2026-09-15","2026-09-15","Automatically discovered external-site lead; verify scope, legal identity, status, and primary sources before promotion."
"cand-ciss-tsinghua-edu-cn","Tsinghua Center for International Security and Strategy","https://ciss.tsinghua.edu.cn/","ciss.tsinghua.edu.cn","new","borderline","discovery-ai-safety-guide","","2026-09-15","2026-09-15","Automatically discovered external-site lead; verify scope, legal identity, status, and primary sources before promotion."
"cand-clair-ai-org","Center for Law & AI Risk (CLAIR)","https://clair-ai.org/","clair-ai.org","new","borderline","discovery-aisafety-map","Governance","2026-09-15","2026-09-15","Automatically discovered external-site lead; verify scope, legal identity, status, and primary sources before promotion."
"cand-cloudsecurityalliance-org","Cloud Security Alliance","https://cloudsecurityalliance.org/","cloudsecurityalliance.org","new","borderline","discovery-ai-safety-guide","","2026-09-15","2026-09-15","Automatically discovered external-site lead; verify scope, legal identity, status, and primary sources before promotion."
"cand-cltc-berkeley-edu","Center for Long-Term Cybersecurity (CLTC)","https://cltc.berkeley.edu/","cltc.berkeley.edu","new","borderline","discovery-aisafety-map","Empirical research, Governance, Strategy","2026-09-15","2026-09-15","Automatically discovered external-site lead; verify scope, legal identity, status, and primary sources before promotion."
"cand-cnaisi-cn","China Al Safety & Development Association (CnAISDA)","https://cnaisi.cn/","cnaisi.cn","new","borderline","discovery-aisafety-map","Governance","2026-09-15","2026-09-15","Automatically discovered external-site lead; verify scope, legal identity, status, and primary sources before promotion."
"cand-coalitionforsecureai-org","Coalition for Secure AI","https://www.coalitionforsecureai.org/","coalitionforsecureai.org","new","borderline","discovery-ai-safety-guide","","2026-09-15","2026-09-15","Automatically discovered external-site lead; verify scope, legal identity, status, and primary sources before promotion."
"cand-compassionml-com","Compassion Aligned Machine Learning (CaML)","https://www.compassionml.com/","compassionml.com","new","borderline","discovery-aisafety-map","Empirical research","2026-09-15","2026-09-15","Automatically discovered external-site lead; verify scope, legal identity, status, and primary sources before promotion."
"cand-concordia-ai-com","Concordia AI","https://concordia-ai.com/","concordia-ai.com","new","borderline","discovery-ai-safety-guide|discovery-aisafety-map","Governance","2026-09-15","2026-09-15","Automatically discovered external-site lead; verify scope, legal identity, status, and primary sources before promotion."
"cand-conjecture-dev","Conjecture","https://www.conjecture.dev/","conjecture.dev","new","borderline","discovery-aisafety-map|discovery-failure-first","Empirical research","2026-09-15","2026-09-15","Automatically discovered external-site lead; verify scope, legal identity, status, and primary sources before promotion."
"cand-constellation-org","Constellation Visiting Fellows","https://constellation.org/","constellation.org","new","borderline","discovery-aisafety-map","Training and education","2026-09-15","2026-09-15","Automatically discovered external-site lead; verify scope, legal identity, status, and primary sources before promotion."
"cand-contramont-org","Contramont Research","https://contramont.org/","contramont.org","new","borderline","discovery-aisafety-map","Empirical research","2026-09-15","2026-09-15","Automatically discovered external-site lead; verify scope, legal identity, status, and primary sources before promotion."
"cand-controlai-org","ControlAI","https://controlai.org/","controlai.org","new","borderline","discovery-aisafety-map","Governance, Advocacy","2026-09-15","2026-09-15","Automatically discovered external-site lead; verify scope, legal identity, status, and primary sources before promotion."
"cand-convergenceanalysis-org","Convergence Analysis","https://www.convergenceanalysis.org/","convergenceanalysis.org","new","borderline","discovery-aisafety-map","Strategy, Advocacy","2026-09-15","2026-09-15","Automatically discovered external-site lead; verify scope, legal identity, status, and primary sources before promotion."
"cand-cooperativeai-com","Cooperative AI Foundation (CAIF)","https://www.cooperativeai.com/","cooperativeai.com","new","borderline","discovery-ai-safety-guide|discovery-aisafety-map","Funding","2026-09-15","2026-09-15","Automatically discovered external-site lead; verify scope, legal identity, status, and primary sources before promotion."
"cand-coral-research-org","Computational Rational Agents Laboratory (CORAL)","https://coral-research.org/","coral-research.org","new","borderline","discovery-aisafety-map","Conceptual research","2026-09-15","2026-09-15","Automatically discovered external-site lead; verify scope, legal identity, status, and primary sources before promotion."
"cand-csa-gov-sg","Cyber Security Agency of Singapore","https://www.csa.gov.sg/","csa.gov.sg","new","borderline","discovery-ai-safety-guide","","2026-09-15","2026-09-15","Automatically discovered external-site lead; verify scope, legal identity, status, and primary sources before promotion."
"cand-cser-ac-uk","Centre for the Study of Existential Risk (CSER)","https://www.cser.ac.uk/","cser.ac.uk","new","borderline","discovery-aisafety-map|discovery-failure-first","Strategy","2026-09-15","2026-09-15","Automatically discovered external-site lead; verify scope, legal identity, status, and primary sources before promotion."
"cand-cset-georgetown-edu","Center for Security and Emerging Technology (CSET)","https://cset.georgetown.edu/","cset.georgetown.edu","new","borderline","discovery-ai-safety-guide|discovery-aisafety-map|discovery-failure-first","Governance","2026-09-15","2026-09-15","Automatically discovered external-site lead; verify scope, legal identity, status, and primary sources before promotion."
"cand-cyber-fsi-stanford-edu","Cyber","https://cyber.fsi.stanford.edu/","cyber.fsi.stanford.edu","new","borderline","discovery-failure-first","","2026-09-15","2026-09-15","Automatically discovered external-site lead; verify scope, legal identity, status, and primary sources before promotion."
"cand-cyber-harvard-edu","Cyber","https://cyber.harvard.edu/","cyber.harvard.edu","new","borderline","discovery-failure-first","","2026-09-15","2026-09-15","Automatically discovered external-site lead; verify scope, legal identity, status, and primary sources before promotion."
"cand-darpa-mil","Defense Advanced Research Projects Agency","https://www.darpa.mil/","darpa.mil","new","borderline","discovery-ai-safety-guide","","2026-09-15","2026-09-15","Automatically discovered external-site lead; verify scope, legal identity, status, and primary sources before promotion."
"cand-datasociety-net","Datasociety","https://datasociety.net/","datasociety.net","new","borderline","discovery-failure-first","","2026-09-15","2026-09-15","Automatically discovered external-site lead; verify scope, legal identity, status, and primary sources before promotion."
"cand-deepseek-com","DeepSeek","https://www.deepseek.com/","deepseek.com","new","borderline","discovery-aisafety-map","Capabilities research","2026-09-15","2026-09-15","Automatically discovered external-site lead; verify scope, legal identity, status, and primary sources before promotion."
"cand-digital-strategy-ec-europa-eu","European AI Office","https://digital-strategy.ec.europa.eu/en/policies/ai-office","digital-strategy.ec.europa.eu","new","borderline","discovery-ai-safety-guide|discovery-aisafety-map|discovery-failure-first|discovery-naaimes-members","Governance","2026-09-15","2026-09-15","Automatically discovered external-site lead; verify scope, legal identity, status, and primary sources before promotion."
"cand-dovetailresearch-org","Dovetail Research Fellowship","https://dovetailresearch.org/","dovetailresearch.org","new","borderline","discovery-aisafety-map","Training and education","2026-09-15","2026-09-15","Automatically discovered external-site lead; verify scope, legal identity, status, and primary sources before promotion."
"cand-effectiveinstitutionsproject-org","Effective Institutions Project (EIP)","https://effectiveinstitutionsproject.org/","effectiveinstitutionsproject.org","new","borderline","discovery-aisafety-map","Governance, Strategy","2026-09-15","2026-09-15","Automatically discovered external-site lead; verify scope, legal identity, status, and primary sources before promotion."
"cand-effectivethesis-org","Effective Thesis Fellowship","https://www.effectivethesis.org/","effectivethesis.org","new","borderline","discovery-aisafety-map","Training and education","2026-09-15","2026-09-15","Automatically discovered external-site lead; verify scope, legal identity, status, and primary sources before promotion."
"cand-eleuther-ai","EleutherAI","https://www.eleuther.ai/","eleuther.ai","new","borderline","discovery-aisafety-map","Empirical research, Capabilities research","2026-09-15","2026-09-15","Automatically discovered external-site lead; verify scope, legal identity, status, and primary sources before promotion."
"cand-enais-co","European Network for AI Safety (ENAIS)","https://enais.co/","enais.co","new","borderline","discovery-aisafety-map","Research support","2026-09-15","2026-09-15","Automatically discovered external-site lead; verify scope, legal identity, status, and primary sources before promotion."
"cand-encodeai-org","Encode","https://encodeai.org/","encodeai.org","new","borderline","discovery-aisafety-map","Governance, Advocacy","2026-09-15","2026-09-15","Automatically discovered external-site lead; verify scope, legal identity, status, and primary sources before promotion."
"cand-engagedbuddhists-ai","Buddhism & AI Initiative","https://www.engagedbuddhists.ai/","engagedbuddhists.ai","new","borderline","discovery-aisafety-map","Advocacy, Governance, Strategy","2026-09-15","2026-09-15","Automatically discovered external-site lead; verify scope, legal identity, status, and primary sources before promotion."
"cand-enisa-europa-eu","European Union Agency for Cybersecurity","https://www.enisa.europa.eu/","enisa.europa.eu","new","borderline","discovery-ai-safety-guide","","2026-09-15","2026-09-15","Automatically discovered external-site lead; verify scope, legal identity, status, and primary sources before promotion."
"cand-epoch-ai","Epoch AI","https://epoch.ai/","epoch.ai","new","borderline","discovery-aisafety-map","Forecasting, Strategy","2026-09-15","2026-09-15","Automatically discovered external-site lead; verify scope, legal identity, status, and primary sources before promotion."
"cand-epochai-org","Epochai","https://epochai.org/","epochai.org","new","borderline","discovery-failure-first","","2026-09-15","2026-09-15","Automatically discovered external-site lead; verify scope, legal identity, status, and primary sources before promotion."
"cand-eq-network-org","Equilibria Network","https://eq-network.org/","eq-network.org","new","borderline","discovery-aisafety-map","Conceptual research, Governance","2026-09-15","2026-09-15","Automatically discovered external-site lead; verify scope, legal identity, status, and primary sources before promotion."
"cand-equistamp-com","EquiStamp","https://www.equistamp.com/","equistamp.com","new","borderline","discovery-aisafety-map","Research support","2026-09-15","2026-09-15","Automatically discovered external-site lead; verify scope, legal identity, status, and primary sources before promotion."
"cand-erafellowship-org","Cambridge ERA:AI Fellowship","https://erafellowship.org/","erafellowship.org","new","borderline","discovery-aisafety-map","Training and education","2026-09-15","2026-09-15","Automatically discovered external-site lead; verify scope, legal identity, status, and primary sources before promotion."
"cand-ergoimpact-org","Ergo Impact","https://ergoimpact.org/","ergoimpact.org","new","borderline","discovery-aisafety-map","Funding","2026-09-15","2026-09-15","Automatically discovered external-site lead; verify scope, legal identity, status, and primary sources before promotion."
"cand-evitable-com","Evitable","https://evitable.com/","evitable.com","new","borderline","discovery-aisafety-map","Advocacy","2026-09-15","2026-09-15","Automatically discovered external-site lead; verify scope, legal identity, status, and primary sources before promotion."
"cand-existence-org","Berkeley Existential Risk Initiative (BERI)","https://existence.org/","existence.org","new","borderline","discovery-aisafety-map","Research support","2026-09-15","2026-09-15","Automatically discovered external-site lead; verify scope, legal identity, status, and primary sources before promotion."
"cand-existentialriskobservatory-org","Existential Risk Observatory (ERO)","https://www.existentialriskobservatory.org/","existentialriskobservatory.org","new","borderline","discovery-aisafety-map","Advocacy","2026-09-15","2026-09-15","Automatically discovered external-site lead; verify scope, legal identity, status, and primary sources before promotion."
"cand-existentialsafety-org","Collective Action for Existential Safety (CAES)","https://existentialsafety.org/","existentialsafety.org","new","borderline","discovery-aisafety-map","Advocacy","2026-09-15","2026-09-15","Automatically discovered external-site lead; verify scope, legal identity, status, and primary sources before promotion."
"cand-explainable-media","Explainable","https://explainable.media/","explainable.media","new","borderline","discovery-aisafety-map","Advocacy","2026-09-15","2026-09-15","Automatically discovered external-site lead; verify scope, legal identity, status, and primary sources before promotion."
"cand-fair-uba-com","Frontier AI Safety Research (FAIR)","https://fair-uba.com/","fair-uba.com","new","borderline","discovery-aisafety-map","Conceptual research, Empirical research, Governance","2026-09-15","2026-09-15","Automatically discovered external-site lead; verify scope, legal identity, status, and primary sources before promotion."
"cand-far-ai","FAR.AI","https://far.ai/","far.ai","new","borderline","discovery-ai-safety-guide|discovery-aisafety-map|discovery-failure-first","Empirical research, Research support","2026-09-15","2026-09-15","Automatically discovered external-site lead; verify scope, legal identity, status, and primary sources before promotion."
"cand-fathom-org","Fathom","https://fathom.org/","fathom.org","new","borderline","discovery-aisafety-map","Governance","2026-09-15","2026-09-15","Automatically discovered external-site lead; verify scope, legal identity, status, and primary sources before promotion."
"cand-fhi-ox-ac-uk","Fhi","https://www.fhi.ox.ac.uk/","fhi.ox.ac.uk","new","borderline","discovery-failure-first","","2026-09-15","2026-09-15","Automatically discovered external-site lead; verify scope, legal identity, status, and primary sources before promotion."
"cand-fiftyyears-com","5050","https://www.fiftyyears.com/","fiftyyears.com","new","borderline","discovery-aisafety-map","Research support","2026-09-15","2026-09-15","Automatically discovered external-site lead; verify scope, legal identity, status, and primary sources before promotion."
"cand-flf-org","Future of Life Foundation (FLF)","https://www.flf.org/","flf.org","new","borderline","discovery-aisafety-map","Funding","2026-09-15","2026-09-15","Automatically discovered external-site lead; verify scope, legal identity, status, and primary sources before promotion."
"cand-forecastingresearch-org","Forecasting Research Institute (FRI)","https://forecastingresearch.org/","forecastingresearch.org","new","borderline","discovery-aisafety-map","Forecasting","2026-09-15","2026-09-15","Automatically discovered external-site lead; verify scope, legal identity, status, and primary sources before promotion."
"cand-foresight-org","Foresight Institute: Funding","https://foresight.org/","foresight.org","new","borderline","discovery-aisafety-map","Funding","2026-09-15","2026-09-15","Automatically discovered external-site lead; verify scope, legal identity, status, and primary sources before promotion."
"cand-forethought-org","Forethought","https://www.forethought.org/","forethought.org","new","borderline","discovery-ai-safety-guide|discovery-aisafety-map","Strategy","2026-09-15","2026-09-15","Automatically discovered external-site lead; verify scope, legal identity, status, and primary sources before promotion."
"cand-formationresearch-com","Formation Research","https://formationresearch.com/","formationresearch.com","new","borderline","discovery-aisafety-map","Conceptual research, Empirical research, Governance","2026-09-15","2026-09-15","Automatically discovered external-site lead; verify scope, legal identity, status, and primary sources before promotion."
"cand-founderspledge-com","Founders Pledge","https://www.founderspledge.com/","founderspledge.com","new","borderline","discovery-aisafety-map","Funding","2026-09-15","2026-09-15","Automatically discovered external-site lead; verify scope, legal identity, status, and primary sources before promotion."
"cand-framefellowship-com","Frame Fellowship","https://framefellowship.com/","framefellowship.com","new","borderline","discovery-aisafety-map","Training and education","2026-09-15","2026-09-15","Automatically discovered external-site lead; verify scope, legal identity, status, and primary sources before promotion."
"cand-frontiermodelforum-org","Frontiermodelforum","https://www.frontiermodelforum.org/","frontiermodelforum.org","new","borderline","discovery-failure-first","","2026-09-15","2026-09-15","Automatically discovered external-site lead; verify scope, legal identity, status, and primary sources before promotion."
"cand-funds-effectivealtruism-org","Transformative AI Fund (TAIF)","https://funds.effectivealtruism.org/","funds.effectivealtruism.org","new","borderline","discovery-aisafety-map","Funding","2026-09-15","2026-09-15","Automatically discovered external-site lead; verify scope, legal identity, status, and primary sources before promotion."
"cand-future-matters-org","Future Matters","https://future-matters.org/","future-matters.org","new","borderline","discovery-aisafety-map","Research support","2026-09-15","2026-09-15","Automatically discovered external-site lead; verify scope, legal identity, status, and primary sources before promotion."
"cand-futureimpact-group","Future Impact Group (FIG) Fellowship","https://futureimpact.group/","futureimpact.group","new","borderline","discovery-aisafety-map","Training and education","2026-09-15","2026-09-15","Automatically discovered external-site lead; verify scope, legal identity, status, and primary sources before promotion."
"cand-futureoflife-org","Futureoflife","https://futureoflife.org/","futureoflife.org","new","borderline","discovery-failure-first","","2026-09-15","2026-09-15","Automatically discovered external-site lead; verify scope, legal identity, status, and primary sources before promotion."
"cand-futuretech-mit-edu","MIT FutureTech","https://futuretech.mit.edu/","futuretech.mit.edu","new","borderline","discovery-aisafety-map","Forecasting","2026-09-15","2026-09-15","Automatically discovered external-site lead; verify scope, legal identity, status, and primary sources before promotion."
"cand-gcri-org","Global Catastrophic Risk Institute (GCRI)","https://gcri.org/","gcri.org","new","borderline","discovery-aisafety-map|discovery-failure-first","Strategy","2026-09-15","2026-09-15","Automatically discovered external-site lead; verify scope, legal identity, status, and primary sources before promotion."
"cand-genai-owasp-org","OWASP GenAI Security Project","https://genai.owasp.org/","genai.owasp.org","new","borderline","discovery-ai-safety-guide","","2026-09-15","2026-09-15","Automatically discovered external-site lead; verify scope, legal identity, status, and primary sources before promotion."
"cand-geodesicresearch-ai","Geodesic Research","https://geodesicresearch.ai/","geodesicresearch.ai","new","borderline","discovery-aisafety-map","Empirical research","2026-09-15","2026-09-15","Automatically discovered external-site lead; verify scope, legal identity, status, and primary sources before promotion."
"cand-givingwhatwecan-org","Giving What We Can (GWWC)","https://www.givingwhatwecan.org/","givingwhatwecan.org","new","borderline","discovery-aisafety-map","Funding","2026-09-15","2026-09-15","Automatically discovered external-site lead; verify scope, legal identity, status, and primary sources before promotion."
"cand-globalchallengesproject-org","Global Challenges Project (GCP)","https://www.globalchallengesproject.org/","globalchallengesproject.org","new","borderline","discovery-aisafety-map","Training and education","2026-09-15","2026-09-15","Automatically discovered external-site lead; verify scope, legal identity, status, and primary sources before promotion."
"cand-goodancestors-org-au","Good Ancestors","https://www.goodancestors.org.au/","goodancestors.org.au","new","borderline","discovery-aisafety-map","Governance","2026-09-15","2026-09-15","Automatically discovered external-site lead; verify scope, legal identity, status, and primary sources before promotion."
"cand-goodfire-com","Goodfire","https://www.goodfire.com/","goodfire.com","new","borderline","discovery-aisafety-map","Empirical research","2026-09-15","2026-09-15","Automatically discovered external-site lead; verify scope, legal identity, status, and primary sources before promotion."
"cand-goodimpressionsmedia-com","Good Impressions","https://www.goodimpressionsmedia.com/","goodimpressionsmedia.com","new","borderline","discovery-aisafety-map","Research support","2026-09-15","2026-09-15","Automatically discovered external-site lead; verify scope, legal identity, status, and primary sources before promotion."
"cand-gpai-ai","Gpai","https://gpai.ai/","gpai.ai","new","borderline","discovery-failure-first","","2026-09-15","2026-09-15","Automatically discovered external-site lead; verify scope, legal identity, status, and primary sources before promotion."
"cand-grantmaking-ai","grantmaking.ai","https://www.grantmaking.ai/","grantmaking.ai","new","borderline","discovery-aisafety-map","Funding","2026-09-15","2026-09-15","Automatically discovered external-site lead; verify scope, legal identity, status, and primary sources before promotion."
"cand-grayswan-ai","Gray Swan","https://www.grayswan.ai/","grayswan.ai","new","borderline","discovery-aisafety-map","Capabilities research, Empirical research","2026-09-15","2026-09-15","Automatically discovered external-site lead; verify scope, legal identity, status, and primary sources before promotion."
"cand-hai-stanford-edu","Hai","https://hai.stanford.edu/","hai.stanford.edu","new","borderline","discovery-failure-first","","2026-09-15","2026-09-15","Automatically discovered external-site lead; verify scope, legal identity, status, and primary sources before promotion."
"cand-hal-cs-princeton-edu","Princeton Holistic Agent Leaderboard","https://hal.cs.princeton.edu/","hal.cs.princeton.edu","new","likely-core","discovery-aef-members","","2026-09-15","2026-09-15","Automatically discovered external-site lead; verify scope, legal identity, status, and primary sources before promotion."
"cand-halcyonfutures-org","Halcyon Futures","https://halcyonfutures.org/","halcyonfutures.org","new","borderline","discovery-aisafety-map","Funding, Career support","2026-09-15","2026-09-15","Automatically discovered external-site lead; verify scope, legal identity, status, and primary sources before promotion."
"cand-harmonyintelligence-com","Harmony Intelligence","https://www.harmonyintelligence.com/","harmonyintelligence.com","new","borderline","discovery-aisafety-map","Empirical research, Strategy","2026-09-15","2026-09-15","Automatically discovered external-site lead; verify scope, legal identity, status, and primary sources before promotion."
"cand-highimpactprofessionals-org","HIP Impact Accelerator Program (IAP)","https://www.highimpactprofessionals.org/","highimpactprofessionals.org","new","borderline","discovery-aisafety-map","Training and education","2026-09-15","2026-09-15","Automatically discovered external-site lead; verify scope, legal identity, status, and primary sources before promotion."
"cand-humanaligned-ai","Human-aligned AI Summer School","https://humanaligned.ai/","humanaligned.ai","new","borderline","discovery-aisafety-map","Training and education","2026-09-15","2026-09-15","Automatically discovered external-site lead; verify scope, legal identity, status, and primary sources before promotion."
"cand-humancompatible-ai","Center for Human-Compatible AI (CHAI): Internship","https://humancompatible.ai/","humancompatible.ai","new","borderline","discovery-ai-safety-guide|discovery-aisafety-map|discovery-failure-first","Training and education","2026-09-15","2026-09-15","Automatically discovered external-site lead; verify scope, legal identity, status, and primary sources before promotion."
"cand-humansincontrol-org","Humans in Control","https://humansincontrol.org/","humansincontrol.org","new","borderline","discovery-aisafety-map","Advocacy","2026-09-15","2026-09-15","Automatically discovered external-site lead; verify scope, legal identity, status, and primary sources before promotion."
"cand-iaiga-org","International AI Governance Alliance (IAIGA)","https://www.iaiga.org/","iaiga.org","new","borderline","discovery-aisafety-map","Governance, Advocacy","2026-09-15","2026-09-15","Automatically discovered external-site lead; verify scope, legal identity, status, and primary sources before promotion."
"cand-iaps-ai","Institute for AI Policy and Strategy (IAPS)","https://www.iaps.ai/","iaps.ai","new","borderline","discovery-ai-safety-guide|discovery-aisafety-map|discovery-failure-first","Governance, Strategy","2026-09-15","2026-09-15","Automatically discovered external-site lead; verify scope, legal identity, status, and primary sources before promotion."
"cand-iaseai-org","International Association for Safe & Ethical AI (IASEAI)","https://www.iaseai.org/","iaseai.org","new","borderline","discovery-aisafety-map","Governance, Strategy","2026-09-15","2026-09-15","Automatically discovered external-site lead; verify scope, legal identity, status, and primary sources before promotion."
"cand-iliad-ac","Iliad Fellowship","https://www.iliad.ac/","iliad.ac","new","borderline","discovery-aisafety-map|discovery-maisi","Training and education","2026-09-15","2026-09-15","Automatically discovered external-site lead; verify scope, legal identity, status, and primary sources before promotion."
"cand-ilinaprogram-org","ILINA Program","https://www.ilinaprogram.org/","ilinaprogram.org","new","borderline","discovery-aisafety-map","Training and education, Governance","2026-09-15","2026-09-15","Automatically discovered external-site lead; verify scope, legal identity, status, and primary sources before promotion."
"cand-imda-gov-sg","Digital Trust Centre / Singapore AI Safety Institute","https://www.imda.gov.sg/about-imda/emerging-technologies-and-research/trust-tech","imda.gov.sg","new","likely-context","discovery-naaimes-members","Government evaluation and measurement institute","2026-09-15","2026-09-15","Confirmed by IMDA's designation of the Digital Trust Centre as Singapore's AISI; legal structure and all graph claims still require canonical review."
"cand-impact-ops-org","Impact Ops","https://impact-ops.org/","impact-ops.org","new","borderline","discovery-aisafety-map","Research support","2026-09-15","2026-09-15","Automatically discovered external-site lead; verify scope, legal identity, status, and primary sources before promotion."
"cand-incidentdatabase-ai","Incidentdatabase","https://incidentdatabase.ai/","incidentdatabase.ai","new","borderline","discovery-failure-first","","2026-09-15","2026-09-15","Automatically discovered external-site lead; verify scope, legal identity, status, and primary sources before promotion."
"cand-industry-gov-au","Australia's AI Safety Institute","https://www.industry.gov.au/science-technology-and-innovation/technology/artificial-intelligence/ai-safety-institute","industry.gov.au","new","likely-context","discovery-naaimes-members","Government evaluation and measurement institute","2026-09-15","2026-09-15","Confirmed as an active institute on its official Australian Government page; all graph claims still require canonical review."
"cand-intelligencerising-org","Intelligence Rising","https://www.intelligencerising.org/","intelligencerising.org","new","borderline","discovery-aisafety-map","Strategy, Governance, Training and education","2026-09-15","2026-09-15","Automatically discovered external-site lead; verify scope, legal identity, status, and primary sources before promotion."
"cand-internationalaisafetyreport-org","Internationalaisafetyreport","https://internationalaisafetyreport.org/","internationalaisafetyreport.org","new","borderline","discovery-failure-first","","2026-09-15","2026-09-15","Automatically discovered external-site lead; verify scope, legal identity, status, and primary sources before promotion."
"cand-ised-isde-canada-ca","Canadian Artificial Intelligence Safety Institute (CAISI)","https://ised-isde.canada.ca/site/ised/en/canadian-artificial-intelligence-safety-institute","ised-isde.canada.ca","new","borderline","discovery-failure-first|discovery-naaimes-members","","2026-09-15","2026-09-15","Confirmed as an active institute on its official Government of Canada page; legal identity, parentage, classifications, and all graph claims still require canonical review."
"cand-iso-org","Iso","https://www.iso.org/","iso.org","new","borderline","discovery-failure-first","","2026-09-15","2026-09-15","Automatically discovered external-site lead; verify scope, legal identity, status, and primary sources before promotion."
"cand-joint-research-centre-ec-europa-eu","Joint Research Centre","https://joint-research-centre.ec.europa.eu/","joint-research-centre.ec.europa.eu","new","borderline","discovery-failure-first","","2026-09-15","2026-09-15","Automatically discovered external-site lead; verify scope, legal identity, status, and primary sources before promotion."
"cand-juniper-xyz","Juniper Ventures","https://juniper.xyz/","juniper.xyz","new","borderline","discovery-aisafety-map","Funding, Career support","2026-09-15","2026-09-15","Automatically discovered external-site lead; verify scope, legal identity, status, and primary sources before promotion."
"cand-kairos-project-org","Kairos","https://kairos-project.org/","kairos-project.org","new","borderline","discovery-aisafety-map","Training and education, Career support","2026-09-15","2026-09-15","Automatically discovered external-site lead; verify scope, legal identity, status, and primary sources before promotion."
"cand-lasrlabs-org","London AI Safety Research (LASR) Labs","https://www.lasrlabs.org/","lasrlabs.org","new","borderline","discovery-aisafety-map","Training and education","2026-09-15","2026-09-15","Automatically discovered external-site lead; verify scope, legal identity, status, and primary sources before promotion."
"cand-lasst-org","Legal Advocates for Safe Science and Technology (LASST)","https://lasst.org/","lasst.org","new","borderline","discovery-aisafety-map","Advocacy","2026-09-15","2026-09-15","Automatically discovered external-site lead; verify scope, legal identity, status, and primary sources before promotion."
"cand-law-ai-org","Institute for Law & AI (LawAI): Research Fellowships","https://law-ai.org/","law-ai.org","new","borderline","discovery-aisafety-map","Training and education","2026-09-15","2026-09-15","Automatically discovered external-site lead; verify scope, legal identity, status, and primary sources before promotion."
"cand-lcfi-ac-uk","Lcfi","https://www.lcfi.ac.uk/","lcfi.ac.uk","new","borderline","discovery-failure-first","","2026-09-15","2026-09-15","Automatically discovered external-site lead; verify scope, legal identity, status, and primary sources before promotion."
"cand-leaf-courses","Leaf: Dilemmas and Dangers in AI","https://leaf.courses/","leaf.courses","new","borderline","discovery-aisafety-map","Training and education","2026-09-15","2026-09-15","Automatically discovered external-site lead; verify scope, legal identity, status, and primary sources before promotion."
"cand-legalsafetylab-org","Legal Safety Lab","https://legalsafetylab.org/","legalsafetylab.org","new","borderline","discovery-aisafety-map","Advocacy","2026-09-15","2026-09-15","Automatically discovered external-site lead; verify scope, legal identity, status, and primary sources before promotion."
"cand-lensacademy-org","Lens Academy","https://lensacademy.org/","lensacademy.org","new","borderline","discovery-aisafety-map","Training and education","2026-09-15","2026-09-15","Automatically discovered external-site lead; verify scope, legal identity, status, and primary sources before promotion."
"cand-leomckeereid-com","Leomckeereid","https://leomckeereid.com/","leomckeereid.com","new","borderline","discovery-failure-first","","2026-09-15","2026-09-15","Automatically discovered external-site lead; verify scope, legal identity, status, and primary sources before promotion."
"cand-lightconecommons-com","Lightcone Commons","https://www.lightconecommons.com/","lightconecommons.com","new","borderline","discovery-aisafety-map","Funding","2026-09-15","2026-09-15","Automatically discovered external-site lead; verify scope, legal identity, status, and primary sources before promotion."
"cand-lightconeinfrastructure-com","Lightcone Infrastructure","https://www.lightconeinfrastructure.com/","lightconeinfrastructure.com","new","borderline","discovery-aisafety-map","Research support","2026-09-15","2026-09-15","Automatically discovered external-site lead; verify scope, legal identity, status, and primary sources before promotion."
"cand-linuxfoundation-org","Agentic AI Foundation","https://www.linuxfoundation.org/","linuxfoundation.org","new","borderline","discovery-ai-safety-guide","","2026-09-15","2026-09-15","Automatically discovered external-site lead; verify scope, legal identity, status, and primary sources before promotion."
"cand-lionheart-vc","Lionheart Ventures","https://www.lionheart.vc/","lionheart.vc","new","borderline","discovery-aisafety-map","Funding","2026-09-15","2026-09-15","Automatically discovered external-site lead; verify scope, legal identity, status, and primary sources before promotion."
"cand-longtermresilience-org","Centre for Long-Term Resilience (CLTR)","https://www.longtermresilience.org/","longtermresilience.org","new","borderline","discovery-aisafety-map|discovery-failure-first","Strategy, Governance","2026-09-15","2026-09-15","Automatically discovered external-site lead; verify scope, legal identity, status, and primary sources before promotion."
"cand-longtermrisk-org","Center on Long-Term Risk (CLR): Fellowship","https://longtermrisk.org/","longtermrisk.org","new","borderline","discovery-aisafety-map","Training and education","2026-09-15","2026-09-15","Automatically discovered external-site lead; verify scope, legal identity, status, and primary sources before promotion."
"cand-longview-org","Longview Philanthropy","https://www.longview.org/","longview.org","new","borderline","discovery-aisafety-map","Funding","2026-09-15","2026-09-15","Automatically discovered external-site lead; verify scope, legal identity, status, and primary sources before promotion."
"cand-luthienresearch-org","Luthien","https://luthienresearch.org/","luthienresearch.org","new","borderline","discovery-aisafety-map","Empirical research","2026-09-15","2026-09-15","Automatically discovered external-site lead; verify scope, legal identity, status, and primary sources before promotion."
"cand-macroscopic-org","Macroscopic Ventures","https://macroscopic.org/","macroscopic.org","new","borderline","discovery-aisafety-map","Funding","2026-09-15","2026-09-15","Automatically discovered external-site lead; verify scope, legal identity, status, and primary sources before promotion."
"cand-manifold-markets","Manifold Markets","https://manifold.markets/","manifold.markets","new","borderline","discovery-aisafety-map","Forecasting","2026-09-15","2026-09-15","Automatically discovered external-site lead; verify scope, legal identity, status, and primary sources before promotion."
"cand-manifund-org","AI Safety Tactical Opportunities Fund (AISTOF)","https://manifund.org/","manifund.org","new","borderline","discovery-aisafety-map","Funding","2026-09-15","2026-09-15","Automatically discovered external-site lead; verify scope, legal identity, status, and primary sources before promotion."
"cand-matsprogram-org","Machine Alignment, Transparency, and Security (MATS)","https://www.matsprogram.org/","matsprogram.org","new","borderline","discovery-aisafety-map|discovery-failure-first","Training and education","2026-09-15","2026-09-15","Automatically discovered external-site lead; verify scope, legal identity, status, and primary sources before promotion."
"cand-meaningalignment-org","Meaning Alignment Institute (MAI)","https://meaningalignment.org/","meaningalignment.org","new","borderline","discovery-aisafety-map","Empirical research","2026-09-15","2026-09-15","Automatically discovered external-site lead; verify scope, legal identity, status, and primary sources before promotion."
"cand-mediangroup-org","Median Group","https://mediangroup.org/","mediangroup.org","new","borderline","discovery-aisafety-map","Strategy","2026-09-15","2026-09-15","Automatically discovered external-site lead; verify scope, legal identity, status, and primary sources before promotion."
"cand-meridiancambridge-org","Meridian Visiting Researcher Programme","https://www.meridiancambridge.org/","meridiancambridge.org","new","borderline","discovery-aisafety-map","Training and education","2026-09-15","2026-09-15","Automatically discovered external-site lead; verify scope, legal identity, status, and primary sources before promotion."
"cand-meridianlabs-ai","Meridian Labs","https://meridianlabs.ai/","meridianlabs.ai","new","likely-core","discovery-aef-members","","2026-09-15","2026-09-15","Automatically discovered external-site lead; verify scope, legal identity, status, and primary sources before promotion."
"cand-metacharityfunders-com","Meta Charity Funders","https://www.metacharityfunders.com/","metacharityfunders.com","new","borderline","discovery-aisafety-map","Funding","2026-09-15","2026-09-15","Automatically discovered external-site lead; verify scope, legal identity, status, and primary sources before promotion."
"cand-metaculus-com","Metaculus","https://www.metaculus.com/","metaculus.com","new","borderline","discovery-aisafety-map","Forecasting","2026-09-15","2026-09-15","Automatically discovered external-site lead; verify scope, legal identity, status, and primary sources before promotion."
"cand-microsoft-com","Microsoft Research","https://www.microsoft.com/","microsoft.com","new","borderline","discovery-ai-safety-guide","","2026-09-15","2026-09-15","Automatically discovered external-site lead; verify scope, legal identity, status, and primary sources before promotion."
"cand-mila-quebec","Mila","https://mila.quebec/","mila.quebec","new","borderline","discovery-failure-first","","2026-09-15","2026-09-15","Automatically discovered external-site lead; verify scope, legal identity, status, and primary sources before promotion."
"cand-ml4good-org","ML4Good","https://www.ml4good.org/","ml4good.org","new","borderline","discovery-aisafety-map","Training and education","2026-09-15","2026-09-15","Automatically discovered external-site lead; verify scope, legal identity, status, and primary sources before promotion."
"cand-modelingcooperation-com","Modeling Cooperation","https://www.modelingcooperation.com/","modelingcooperation.com","new","borderline","discovery-aisafety-map","Conceptual research, Research support","2026-09-15","2026-09-15","Automatically discovered external-site lead; verify scope, legal identity, status, and primary sources before promotion."
"cand-moratorium-ai","Global AI Moratorium (GAIM)","https://moratorium.ai/","moratorium.ai","new","borderline","discovery-aisafety-map","Advocacy","2026-09-15","2026-09-15","Automatically discovered external-site lead; verify scope, legal identity, status, and primary sources before promotion."
"cand-mythos-vc","Mythos Ventures","https://www.mythos.vc/","mythos.vc","new","borderline","discovery-aisafety-map","Funding","2026-09-15","2026-09-15","Automatically discovered external-site lead; verify scope, legal identity, status, and primary sources before promotion."
"cand-narrowpath-co","Narrow Path","https://www.narrowpath.co/","narrowpath.co","new","borderline","discovery-aisafety-map","Strategy","2026-09-15","2026-09-15","Automatically discovered external-site lead; verify scope, legal identity, status, and primary sources before promotion."
"cand-navigation-org","The Navigation Fund","https://www.navigation.org/","navigation.org","new","borderline","discovery-aisafety-map","Funding","2026-09-15","2026-09-15","Automatically discovered external-site lead; verify scope, legal identity, status, and primary sources before promotion."
"cand-ncuscr-org","National Committee on US–China Relations","https://www.ncuscr.org/","ncuscr.org","new","borderline","discovery-ai-safety-guide","","2026-09-15","2026-09-15","Automatically discovered external-site lead; verify scope, legal identity, status, and primary sources before promotion."
"cand-neoresearch-ai","Neo Research","https://neoresearch.ai/","neoresearch.ai","new","borderline","discovery-aisafety-map","Empirical research","2026-09-15","2026-09-15","Automatically discovered external-site lead; verify scope, legal identity, status, and primary sources before promotion."
"cand-neuronpedia-org","Neuronpedia","https://neuronpedia.org/","neuronpedia.org","new","borderline","discovery-aisafety-map","Resource, Empirical research","2026-09-15","2026-09-15","Automatically discovered external-site lead; verify scope, legal identity, status, and primary sources before promotion."
"cand-newamerica-org","Newamerica","https://www.newamerica.org/","newamerica.org","new","borderline","discovery-failure-first","","2026-09-15","2026-09-15","Automatically discovered external-site lead; verify scope, legal identity, status, and primary sources before promotion."
"cand-nist-gov","Center for AI Standards and Innovation (CAISI)","https://www.nist.gov/caisi","nist.gov","new","borderline","discovery-ai-safety-guide|discovery-aisafety-map|discovery-failure-first|discovery-naaimes-members","Governance","2026-09-15","2026-09-15","Automatically discovered external-site lead; verify scope, legal identity, status, and primary sources before promotion."
"cand-non-trivial-org","Non-Trivial","https://www.non-trivial.org/","non-trivial.org","new","borderline","discovery-aisafety-map","Training and education","2026-09-15","2026-09-15","Automatically discovered external-site lead; verify scope, legal identity, status, and primary sources before promotion."
"cand-nonlinear-org","Nonlinear AI Safety Advocacy Funding","https://www.nonlinear.org/","nonlinear.org","new","borderline","discovery-aisafety-map","Funding","2026-09-15","2026-09-15","Automatically discovered external-site lead; verify scope, legal identity, status, and primary sources before promotion."
"cand-nti-org","Nti","https://www.nti.org/","nti.org","new","borderline","discovery-failure-first","","2026-09-15","2026-09-15","Automatically discovered external-site lead; verify scope, legal identity, status, and primary sources before promotion."
"cand-oaisi-org","Alignment Research Bootcamp Oxford (ARBOx)","https://oaisi.org/","oaisi.org","new","borderline","discovery-aisafety-map","Training and education","2026-09-15","2026-09-15","Automatically discovered external-site lead; verify scope, legal identity, status, and primary sources before promotion."
"cand-odysseaninstitute-org","Odyssean Institute","https://www.odysseaninstitute.org/","odysseaninstitute.org","new","borderline","discovery-aisafety-map","Strategy, Governance","2026-09-15","2026-09-15","Automatically discovered external-site lead; verify scope, legal identity, status, and primary sources before promotion."
"cand-oecd-ai","Oecd","https://oecd.ai/","oecd.ai","new","borderline","discovery-failure-first","","2026-09-15","2026-09-15","Automatically discovered external-site lead; verify scope, legal identity, status, and primary sources before promotion."
"cand-oecd-org","Global Partnership on AI (GPAI)","https://www.oecd.org/","oecd.org","new","borderline","discovery-aisafety-map|discovery-failure-first","Strategy","2026-09-15","2026-09-15","Automatically discovered external-site lead; verify scope, legal identity, status, and primary sources before promotion."
"cand-openphilanthropy-org","Openphilanthropy","https://www.openphilanthropy.org/","openphilanthropy.org","new","borderline","discovery-failure-first","","2026-09-15","2026-09-15","Automatically discovered external-site lead; verify scope, legal identity, status, and primary sources before promotion."
"cand-orionaigov-org","Orion AI Governance Initiative","https://www.orionaigov.org/","orionaigov.org","new","borderline","discovery-aisafety-map","Training and education","2026-09-15","2026-09-15","Automatically discovered external-site lead; verify scope, legal identity, status, and primary sources before promotion."
"cand-orxl-org","Orthogonal","https://orxl.org/","orxl.org","new","borderline","discovery-aisafety-map","Conceptual research","2026-09-15","2026-09-15","Automatically discovered external-site lead; verify scope, legal identity, status, and primary sources before promotion."
"cand-ought-org","Ought","https://ought.org/","ought.org","new","borderline","discovery-aisafety-map","Empirical research","2026-09-15","2026-09-15","Automatically discovered external-site lead; verify scope, legal identity, status, and primary sources before promotion."
"cand-oxfordmartin-ox-ac-uk","Oxfordmartin","https://www.oxfordmartin.ox.ac.uk/","oxfordmartin.ox.ac.uk","new","borderline","discovery-failure-first","","2026-09-15","2026-09-15","Automatically discovered external-site lead; verify scope, legal identity, status, and primary sources before promotion."
"cand-palisaderesearch-org","Palisade Research","https://palisaderesearch.org/","palisaderesearch.org","new","borderline","discovery-aisafety-map","Empirical research","2026-09-15","2026-09-15","Automatically discovered external-site lead; verify scope, legal identity, status, and primary sources before promotion."
"cand-paradigm3-org","Paradigm 3","https://www.paradigm3.org/","paradigm3.org","new","borderline","discovery-aisafety-map","Empirical research, Funding","2026-09-15","2026-09-15","Automatically discovered external-site lead; verify scope, legal identity, status, and primary sources before promotion."
"cand-paragonfellowship-org","Paragon Policy Fellowship","https://www.paragonfellowship.org/","paragonfellowship.org","new","borderline","discovery-aisafety-map","Training and education","2026-09-15","2026-09-15","Automatically discovered external-site lead; verify scope, legal identity, status, and primary sources before promotion."
"cand-partnershiponai-org","Partnership on AI (PAI)","https://partnershiponai.org/","partnershiponai.org","new","borderline","discovery-aisafety-map|discovery-failure-first","Strategy","2026-09-15","2026-09-15","Automatically discovered external-site lead; verify scope, legal identity, status, and primary sources before promotion."
"cand-pathfinder-kairos-project-org","Pathfinder Fellowship","https://pathfinder.kairos-project.org/","pathfinder.kairos-project.org","new","borderline","discovery-aisafety-map","Training and education","2026-09-15","2026-09-15","Automatically discovered external-site lead; verify scope, legal identity, status, and primary sources before promotion."
"cand-pauseai-info","PauseAI","https://pauseai.info/","pauseai.info","new","borderline","discovery-aisafety-map|discovery-failure-first","Advocacy","2026-09-15","2026-09-15","Automatically discovered external-site lead; verify scope, legal identity, status, and primary sources before promotion."
"cand-people-csail-mit-edu","Dylan Hadfield-Menell","https://people.csail.mit.edu/","people.csail.mit.edu","new","borderline","discovery-aisafety-map","Conceptual research","2026-09-15","2026-09-15","Automatically discovered external-site lead; verify scope, legal identity, status, and primary sources before promotion."
"cand-pivotal-research-org","Pivotal Research Fellowship","https://www.pivotal-research.org/","pivotal-research.org","new","borderline","discovery-aisafety-map","Training and education","2026-09-15","2026-09-15","Automatically discovered external-site lead; verify scope, legal identity, status, and primary sources before promotion."
"cand-princint-ai","Principles of Intelligence (Princint)","https://princint.ai/","princint.ai","new","borderline","discovery-aisafety-map","Conceptual research, Training and education","2026-09-15","2026-09-15","Automatically discovered external-site lead; verify scope, legal identity, status, and primary sources before promotion."
"cand-quantifieduncertainty-org","Quantified Uncertainty Research Institute (QURI)","https://quantifieduncertainty.org/","quantifieduncertainty.org","new","borderline","discovery-aisafety-map","Forecasting","2026-09-15","2026-09-15","Automatically discovered external-site lead; verify scope, legal identity, status, and primary sources before promotion."
"cand-raiseimpact-org","RAISEimpact","https://www.raiseimpact.org/","raiseimpact.org","new","borderline","discovery-aisafety-map","Research support","2026-09-15","2026-09-15","Automatically discovered external-site lead; verify scope, legal identity, status, and primary sources before promotion."
"cand-rand-org","RAND","https://www.rand.org/","rand.org","new","likely-core","discovery-aef-members|discovery-ai-safety-guide|discovery-aisafety-map|discovery-failure-first","Governance","2026-09-15","2026-09-15","Automatically discovered external-site lead; verify scope, legal identity, status, and primary sources before promotion."
"cand-researchathena-org","Athena Mentorship Program for Women","https://researchathena.org/","researchathena.org","new","borderline","discovery-aisafety-map","Training and education","2026-09-15","2026-09-15","Automatically discovered external-site lead; verify scope, legal identity, status, and primary sources before promotion."
"cand-resolution-org","Resolution","https://resolution.org/","resolution.org","new","borderline","discovery-aisafety-map|discovery-maisi","Conceptual research, Empirical research","2026-09-15","2026-09-15","Automatically discovered external-site lead; verify scope, legal identity, status, and primary sources before promotion."
"cand-rethinkwellbeing-org","Rethink Wellbeing","https://www.rethinkwellbeing.org/","rethinkwellbeing.org","new","borderline","discovery-aisafety-map","Research support","2026-09-15","2026-09-15","Automatically discovered external-site lead; verify scope, legal identity, status, and primary sources before promotion."
"cand-romanyampolskiy-com","Dr. Roman Yampolskiy","https://www.romanyampolskiy.com/","romanyampolskiy.com","new","borderline","discovery-aisafety-map","Conceptual research","2026-09-15","2026-09-15","Automatically discovered external-site lead; verify scope, legal identity, status, and primary sources before promotion."
"cand-safe-eu","EuroSafeAI","https://safe.eu/","safe.eu","new","borderline","discovery-aisafety-map","Empirical research","2026-09-15","2026-09-15","Automatically discovered external-site lead; verify scope, legal identity, status, and primary sources before promotion."
"cand-safeai-org-uk","London Initiative for Safe AI (LISA)","https://www.safeai.org.uk/","safeai.org.uk","new","borderline","discovery-aisafety-map","Research support","2026-09-15","2026-09-15","Automatically discovered external-site lead; verify scope, legal identity, status, and primary sources before promotion."
"cand-saif-org","Safe AI Forum (SAIF)","https://saif.org/","saif.org","new","borderline","discovery-ai-safety-guide|discovery-aisafety-map","Governance","2026-09-15","2026-09-15","Automatically discovered external-site lead; verify scope, legal identity, status, and primary sources before promotion."
"cand-schmidtsciences-org","Science of Trustworthy AI","https://www.schmidtsciences.org/","schmidtsciences.org","new","borderline","discovery-aisafety-map","Funding","2026-09-15","2026-09-15","Automatically discovered external-site lead; verify scope, legal identity, status, and primary sources before promotion."
"cand-secureaifutureslab-com","Secure AI Futures Lab (SAFL)","https://secureaifutureslab.com/","secureaifutureslab.com","new","borderline","discovery-aisafety-map","Research support, Governance, Empirical research","2026-09-15","2026-09-15","Automatically discovered external-site lead; verify scope, legal identity, status, and primary sources before promotion."
"cand-secureainow-org","The Alliance for Secure AI Action","https://secureainow.org/","secureainow.org","new","borderline","discovery-aisafety-map","Advocacy","2026-09-15","2026-09-15","Automatically discovered external-site lead; verify scope, legal identity, status, and primary sources before promotion."
"cand-secureaiproject-org","Secure AI Project","https://secureaiproject.org/","secureaiproject.org","new","borderline","discovery-aisafety-map|discovery-failure-first","Governance","2026-09-15","2026-09-15","Automatically discovered external-site lead; verify scope, legal identity, status, and primary sources before promotion."
"cand-securebio-org","SecureBio","https://securebio.org/","securebio.org","new","likely-core","discovery-aef-members","","2026-09-15","2026-09-15","Automatically discovered external-site lead; verify scope, legal identity, status, and primary sources before promotion."
"cand-securityandtechnology-org","Institute for Security and Technology (IST)","https://securityandtechnology.org/","securityandtechnology.org","new","borderline","discovery-aisafety-map","Governance","2026-09-15","2026-09-15","Automatically discovered external-site lead; verify scope, legal identity, status, and primary sources before promotion."
"cand-sgdsn-gouv-fr","Institut national pour l’évaluation et la sécurité de l’intelligence artificielle (INESIA)","https://www.sgdsn.gouv.fr/","sgdsn.gouv.fr","new","likely-context","discovery-naaimes-members","Government evaluation and measurement institute","2026-09-15","2026-09-15","Confirmed by the official French government 2026–2027 roadmap; legal structure and all graph claims still require canonical review."
"cand-shfhs-org","Saving Humanity from Homo Sapiens (SHfHS)","https://shfhs.org/","shfhs.org","new","borderline","discovery-aisafety-map","Funding","2026-09-15","2026-09-15","Automatically discovered external-site lead; verify scope, legal identity, status, and primary sources before promotion."
"cand-simoninstitute-ch","Simon Institute for Longterm Governance","https://www.simoninstitute.ch/","simoninstitute.ch","new","borderline","discovery-aisafety-map","Governance","2026-09-15","2026-09-15","Automatically discovered external-site lead; verify scope, legal identity, status, and primary sources before promotion."
"cand-simplexaisafety-com","Simplex","https://www.simplexaisafety.com/","simplexaisafety.com","new","borderline","discovery-aisafety-map","Empirical research","2026-09-15","2026-09-15","Automatically discovered external-site lead; verify scope, legal identity, status, and primary sources before promotion."
"cand-softmax-com","Softmax","https://www.softmax.com/","softmax.com","new","borderline","discovery-aisafety-map","Conceptual research, Empirical research","2026-09-15","2026-09-15","Automatically discovered external-site lead; verify scope, legal identity, status, and primary sources before promotion."
"cand-sparai-org","Supervised Program for Alignment Research (SPAR)","https://sparai.org/","sparai.org","new","borderline","discovery-aisafety-map","Training and education","2026-09-15","2026-09-15","Automatically discovered external-site lead; verify scope, legal identity, status, and primary sources before promotion."
"cand-ssi-inc","Safe Superintelligence Inc. (SSI)","https://ssi.inc/","ssi.inc","new","borderline","discovery-aisafety-map|discovery-failure-first","Capabilities research, Empirical research","2026-09-15","2026-09-15","Automatically discovered external-site lead; verify scope, legal identity, status, and primary sources before promotion."
"cand-standards-ieee-org","Standards","https://standards.ieee.org/","standards.ieee.org","new","borderline","discovery-failure-first","","2026-09-15","2026-09-15","Automatically discovered external-site lead; verify scope, legal identity, status, and primary sources before promotion."
"cand-stopai-info","Stop AI","https://www.stopai.info/","stopai.info","new","borderline","discovery-aisafety-map","Advocacy","2026-09-15","2026-09-15","Automatically discovered external-site lead; verify scope, legal identity, status, and primary sources before promotion."
"cand-survivalandflourishing-fund","Survival and Flourishing Fund (SFF)","https://survivalandflourishing.fund/","survivalandflourishing.fund","new","borderline","discovery-aisafety-map","Funding","2026-09-15","2026-09-15","Automatically discovered external-site lead; verify scope, legal identity, status, and primary sources before promotion."
"cand-talosnetwork-org","Talos Fellowship","https://www.talosnetwork.org/","talosnetwork.org","new","borderline","discovery-aisafety-map","Training and education","2026-09-15","2026-09-15","Automatically discovered external-site lead; verify scope, legal identity, status, and primary sources before promotion."
"cand-taraprogram-org","Technical Alignment Research Accelerator (TARA)","https://www.taraprogram.org/","taraprogram.org","new","borderline","discovery-aisafety-map","Training and education","2026-09-15","2026-09-15","Automatically discovered external-site lead; verify scope, legal identity, status, and primary sources before promotion."
"cand-tarbellcenter-org","Tarbell Center for AI Journalism","https://www.tarbellcenter.org/","tarbellcenter.org","new","borderline","discovery-aisafety-map","Training and education, Funding","2026-09-15","2026-09-15","Automatically discovered external-site lead; verify scope, legal identity, status, and primary sources before promotion."
"cand-theaipi-org","AI Policy Institute (AIPI)","https://theaipi.org/","theaipi.org","new","borderline","discovery-aisafety-map","Governance","2026-09-15","2026-09-15","Automatically discovered external-site lead; verify scope, legal identity, status, and primary sources before promotion."
"cand-theaipn-org","The AI Policy Network (AIPN)","https://theaipn.org/","theaipn.org","new","borderline","discovery-aisafety-map","Governance","2026-09-15","2026-09-15","Automatically discovered external-site lead; verify scope, legal identity, status, and primary sources before promotion."
"cand-thecompendium-ai","The Compendium","https://www.thecompendium.ai/","thecompendium.ai","new","borderline","discovery-aisafety-map","Strategy","2026-09-15","2026-09-15","Automatically discovered external-site lead; verify scope, legal identity, status, and primary sources before promotion."
"cand-thefuturesociety-org","The Future Society (TFS)","https://thefuturesociety.org/","thefuturesociety.org","new","borderline","discovery-aisafety-map|discovery-failure-first","Governance","2026-09-15","2026-09-15","Automatically discovered external-site lead; verify scope, legal identity, status, and primary sources before promotion."
"cand-themidasproject-com","The Midas Project (TMP)","https://www.themidasproject.com/","themidasproject.com","new","borderline","discovery-aisafety-map","Advocacy","2026-09-15","2026-09-15","Automatically discovered external-site lead; verify scope, legal identity, status, and primary sources before promotion."
"cand-timaeus-co","Timaeus","https://timaeus.co/","timaeus.co","new","likely-core","discovery-maisi","","2026-09-15","2026-09-15","Automatically discovered external-site lead; verify scope, legal identity, status, and primary sources before promotion."
"cand-torchbearer-community","Torchbearer Community (TBC)","https://www.torchbearer.community/","torchbearer.community","new","borderline","discovery-aisafety-map","Advocacy","2026-09-15","2026-09-15","Automatically discovered external-site lead; verify scope, legal identity, status, and primary sources before promotion."
"cand-transformative-org","Transformative Futures Institute (TFI)","https://transformative.org/","transformative.org","new","borderline","discovery-aisafety-map","Forecasting","2026-09-15","2026-09-15","Automatically discovered external-site lead; verify scope, legal identity, status, and primary sources before promotion."
"cand-transluce-org","Transluce","https://transluce.org/","transluce.org","new","likely-core","discovery-aef-members|discovery-aisafety-map","Empirical research","2026-09-15","2026-09-15","Automatically discovered external-site lead; verify scope, legal identity, status, and primary sources before promotion."
"cand-truthful-ai","TruthfulAI","https://truthful.ai/","truthful.ai","new","borderline","discovery-aisafety-map","Empirical research","2026-09-15","2026-09-15","Automatically discovered external-site lead; verify scope, legal identity, status, and primary sources before promotion."
"cand-turing-ac-uk","Turing","https://www.turing.ac.uk/research/interest-groups/ai-safety","turing.ac.uk","new","borderline","discovery-failure-first","","2026-09-15","2026-09-15","Automatically discovered external-site lead; verify scope, legal identity, status, and primary sources before promotion."
"cand-un-org","Un","https://www.un.org/","un.org","new","borderline","discovery-failure-first","","2026-09-15","2026-09-15","Automatically discovered external-site lead; verify scope, legal identity, status, and primary sources before promotion."
"cand-understanding-ai-safety-org","Understanding Ai Safety","https://understanding-ai-safety.org/","understanding-ai-safety.org","new","borderline","discovery-failure-first","","2026-09-15","2026-09-15","Automatically discovered external-site lead; verify scope, legal identity, status, and primary sources before promotion."
"cand-vistainstituteai-org","Vista Institute for AI Policy","https://vistainstituteai.org/","vistainstituteai.org","new","borderline","discovery-aisafety-map","Governance, Training and education","2026-09-15","2026-09-15","Automatically discovered external-site lead; verify scope, legal identity, status, and primary sources before promotion."
"cand-weforum-org","Weforum","https://www.weforum.org/","weforum.org","new","borderline","discovery-failure-first","","2026-09-15","2026-09-15","Automatically discovered external-site lead; verify scope, legal identity, status, and primary sources before promotion."
"cand-wp-nyu-edu","NYU Alignment Research Group (ARG)","https://wp.nyu.edu/","wp.nyu.edu","new","borderline","discovery-aisafety-map","Empirical research","2026-09-15","2026-09-15","Automatically discovered external-site lead; verify scope, legal identity, status, and primary sources before promotion."
"cand-x-ai","SpaceXAI","https://x.ai/","x.ai","new","borderline","discovery-aisafety-map","Capabilities research","2026-09-15","2026-09-15","Automatically discovered external-site lead; verify scope, legal identity, status, and primary sources before promotion."
"cand-xrisk-uchicago-edu","UChicago Existential Risk Laboratory (XLab) Fellowship","https://xrisk.uchicago.edu/","xrisk.uchicago.edu","new","borderline","discovery-aisafety-map","Training and education","2026-09-15","2026-09-15","Automatically discovered external-site lead; verify scope, legal identity, status, and primary sources before promotion."
